#	random - ro.followers.users.activitypub.block.list.tsv	LICENSED  UNDER: CC-BY-NC-SA 4.0
#	https://raw.githubusercontent.com/kkarhan/misc-stuff/main/random/ro.followers.users.activitypub.block.list.tsv
#	This list contains Ro and his Followers
#	Last-Modified	UNIXTIME:	1705444000

#	Ro
@are0h@h-i.social
##	Ro's Followers
###	Source: https://h-i.social/@are0h/followers
@Thebigmeet@myonlinepi.uk
@g1comics@equestria.social
@croquetapeligro@paquita.masto.host
@Gotterdammerung@glitch.social
@eljhkrr@gumzo.africa
@mx_sumisu@kolektiva.social
@HeavenlyPossum@kolektiva.social
@beckett@triangletoot.party
@lunalein@federatedfandom.net
@tryp@kolektiva.social
@JayJustice@blacktwitter.io
@FlyingTerra@mastodon.art
@MayInToronto@mstdn.ca
@allisonwyss@zirk.us
@ericn@beekeeping.ninja
@sysop408@sfba.social
@mcmullin@musicians.today
@d3mis3@ioc.exchange
@phantasmic@queer.party
@ailepet@peoplemaking.games
@mycotropic@beige.party
@penryn@www.librepunk.club
@jase@mastodon.art
@dana@social.coop
@mirlo@musician.social
@Bronwyn@sfba.social
@ariadne@mastodon.canonicity.org
@Paul0116@techhub.social
@gregspooner@ohai.social
@yumi@mastodon.art
@volcano@nerdculture.de
@anwagnerdreas@hcommons.social
@lydiafacts@strangeobject.space
@aroacemagicalnerd@blackqueer.life
@django@social.coop
@0batty_bat0@kolektiva.social
@MazeLxrd@mas.to
@argumento@hispagatos.space
@arghdos@heads.social
@adammoe2022@c.im
@gb@eigenmagic.net
@bearsong@ravenation.club
@f@todon.nl
@attksthdrknss@sunny.garden
@sb@fed.sbcloud.cc
@LGUG2Z@hachyderm.io
@tsyum@thepit.social
@jayharcourt@woof.group
@samuel@social.spejset.org
@BendingUnit@undernopretext.social
@somatic@deadinsi.de
@Light_Angel_12@spore.social
@hcm@shakedown.social
@redny@mas.to
@zillion@freeradical.zone
@AdrianRiskin@kolektiva.social
@Slathe@kolektiva.social
@other_ghosts@kolektiva.social
@SeattleSanchez@social.ridetrans.it
@nullagent@partyon.xyz
@mikey@friendsofdesoto.social
@daraghhayes@mstdn.ca
@aud@fire.asta.lgbt
@Eamorayden@mas.to
@riveraerica
@brooke@bikeshed.vibber.net
@dkompare@hcommons.social
@WisdomExplained@mastodonbooks.net
@crazypedia@hackers.town
@Nachtherz@mastodon.art
@mmdolbow@mapstodon.space
@davidpmaurer@mastodon.sdf.org
@fyrfli
@FernPlant@cyberpunk.lol
@BadWoof@sfba.social
@ElectronLibre@mastodon.electric-goat.net
@cptodin@twoot.site
@The_Icarian@federated.press
@maybit@indieweb.social
@The_Icarian@federated.press
@maybit@indieweb.social
@zmeyche@c.im
@cerulean_corvid@kolektiva.social
@angiebaby@mas.to
@sidereal@kolektiva.social
@siren@mastodon.art
@347Online@hachyderm.io
@me@t.joeldebruijn.nl
@StephanieZvan@toot.cat
@ridingdragons@hachyderm.io
@samanthagroves@kolektiva.social
@being@social.ornella.xyz
@alcapurrias@stoner.cafe
@dreamscapes@kolektiva.social
@bayport@theatl.social
@hubzillar@tiksi.net
@ecsaln@cyberpunk.lol
@tjaden@mastodon.sdf.org
@OtherwiseJunk@mastodon.cacheblasters.com
@duesenklipper@queer.group
@efjbgc@denton.social
@slydiad@zirk.us
@webframp@hachyderm.io
@tangent128@jubi.life
@liebach@bsd.network
@tiberianpun@dice.camp
@almostobsolete@mastodon.me.uk
@melanie@queer.party
@erika@social.spejset.org
@kjhoerr@cybr.es
@wackJackle@norden.social
@_L1vY_@mstdn.social
@hc@mstdn.social
@fuopy@mastodon.gamedev.place
@PsychoPenguin@toot.cat
@birb@strangeobject.space
@annaloffing@social.ridetrans.it
@ted@gould.cx
@Fran@pipou.academy
@ted@gould.cx
@Fran@pipou.academy
@sangster@macaw.social
@dch@bsd.network
@randomized@masto.bike
@acdw@tilde.zone
@MegaMichelle@a2mi.social
@iansundstrom@mastodon.gamedev.place
@YourNeighbor57@mastodon.sdf.org
@agatheringofpuffs@blackqueer.life
@romnx@todon.eu
@FantasticalEconomics@geekdom.social
@tom@social.dayvancowboy.net
@ahills@hachyderm.io
@uzayran@cyberplace.social
@gidi@pleroma.gidikroon.eu
@Viktor@weirder.earth
@gidi@friendica.gidikroon.eu
@a000d4f7a91939d0e71df1646d7a48@anticapitalist.party
@smathermather@mapstodon.space
@anca@allpeep.social
@dogriley@opensocial.media
@beardymcnerd@hachyderm.io
@ted@an.errant.cloud
@davbram@ravenation.club
@althieme@bertha.social
@alexhammy@hachyderm.io
@ebeth@weirder.earth
@mikeblake@climatejustice.rocks
@paulcox@toot.wales
@tldrellie@social.evl.im
@holger@hellinger.wtf
@KevinWorkman@mastodon.art
@dave@alvarado.social
@karinlovisa@social.coop
@CEB@eldritch.cafe
@seedy@mastodon.stickbear.me
@essentiallygrey@weirder.earth
@june@weirder.earth
@sundress@eigenmagic.net
@MsSemicolon@mstdn.social
@freelock@drupal.community
@evn@gamedev.lgbt
@etym_dub@aus.social
@iamspialelo@hachyderm.io
@cubeofcheese@mstdn.social
@outer@mas.to
@fsologureng@chilemasto.casa
@KevinWorkman@hachyderm.io
@luxe@catodon.social
@philrufin@mapstodon.space
@clarablackink@writing.exchange
@BeanieBarrow@mastodon.grin.hu
@ruben@friendship.quest
@Lingmops@topspicy.social
@beatricejess@masto.bike
@loyhena@eldritch.cafe
@matty@blahaj.zone
@whatzaname@kolektiva.social
@sanaah@famichiki.jp
@jeffinmotion@hachyderm.io
@fberger@fckmsk.social
@okapilips@mstdn.social
@maxvalue@chaos.social
@keengrasp@layer8.space
@stevencudahy@mastodon.scot
@reiacorn@spore.social
@Mab@federated.press
@RMiddleton@mastodon.art
@Pagan_Animist@beekeeping.ninja
@estelle4565@masto.nu
@trashcaster@open-source-eschaton.net
@njms@social.coop
@FormerlyStC@mas.to
@malcircuit@thingy.social
@Eliot_L@social.coop
@bram@gamedev.lgbt
@vanadia@indieweb.social
@CaribenxMarciaX@scholar.social
@janno@types.pl
@lbenatom@mstdn.social
@smallpatatas@mstdn.patatas.ca
@msquebanh@mstdn.ca
@camille@praxis.nyc
@SuperTwaddle@kolektiva.social
@Marksist@matapacos.dog
@maggiejk@zeroes.ca
@musingoddity@zirk.us
@migriverat@zeroes.ca
@aurorenrosen@mastodon.de
@theo@soc.webair.xyz
@deieio@wandering.shop
@alancheilek@mastodon.me.uk
@JoshGrams@icosahedron.website
@washboardpress@typo.social
@wolli@social.cologne
@boggin@mastodon.scot
@jae@girldick.gay
@luna@eldritch.cafe
@aaronblew@hachyderm.io
@geoglyphentropy@mstdn.social
@simonjabadaw@micro.blog
@j14159@hachyderm.io
@briandorsey@hachyderm.io
@zzz@merveilles.town
@karlstanley@mastodon.ie
@dawning_sun@mamot.fr
@Donovan@mstdn.plus
@havn@writing.exchange
@chpietsch@digitalcourage.social
@nedraggett@spaceballs.masto.host
@radundtat@berlin.social
@dan@alleysmith.family
@Ind3fatigable@neurodifferent.me
@martin_brett@mastodon.sdf.org
@Holger@mastodon.polente.de
@8petros@petroskowo.pl
@DataDrivenMD@fedified.com
@davidbeers@dair-community.social
@imtheq@realsocial.life
@sigsegv@hachyderm.io
@andysomniac@notasquirrel.dev
@jwhevans@mstdn.social
@1_6180339887@social.tchncs.de
@ragectl@hachyderm.io
@TheCybermatron@someone.elses.computer
@helga_j@octodon.social
@JayceValkyrie@girlcock.club
@firelf@toot.wales
@mauriciofauth@phpc.social
@DelphineUnseen@queer.party
@sloshy@tilde.zone
@gscherer2@social.linux.pizza
@aka_quant_noir@hcommons.social
@brecht@social.coop
@Aranjedeath@hachyderm.io
@catileptic@chaos.social
@galaxis@mastodon.infra.de
@Xanadu@glammr.us
@deeoh@horrorhub.club
@tusktusk@social.sp-codes.de
@S18alg@hostux.social
@chaami@pouet.chapril.org
@fern@mindly.social
@joshbetz@hachyderm.io
@arnfinnp@oslo.town
@katre@masto.henchmonkey.org
@lifewithtrees@mstdn.social
@bluejekyll@hachyderm.io
@Mikal@sfba.social
@stefan@stefanbohacek.online
@chrisjnk@mamot.fr
@passenger@kolektiva.social
@kieranmcguire@hachyderm.io
@iiogama@social.sdf.org
@luskebux@oldbytes.space
@jess@silicorn.social
@skorkr@mas.to
@DaywalkingRedhead@toot.cat
@Gigi@kolektiva.social
@hobs@mstdn.social
@ohbara@mastodon.ie
@hydron@freeradical.zone
@blookins@social.sdf.org
@scott@pdx.social
@jogi@graz.social
@minajs@gamedev.lgbt
@Volcanoday@zirk.us
@selfconsciouscapybaras@c.im
@VickiWoodward@aus.social
@GrantMeStrength@hachyderm.io
@whatshisays@aus.social
@meatballhat@toot.cat
@itsmeholland@mastodon.social
@webhat@infosec.exchange
@meguevara@xarxa.cloud
@mdietz@techhub.social
@bobg@photog.social
@mediopocillo@spore.social
@mattjhodgkinson@scicomm.xyz
@Cassandra@autistics.life
@KarinWanderer@mastodon.art
@Hunter@alaskan.social
@183231bcb@transfem.social
@Ten@hachyderm.io
@beadsland@disabled.social
@wedistribute@mozilla.social
@LeaBug@mindly.social
@EvilKiru@techhub.social
@pivotal@sunny.garden
@thecrushedviolet@mstdn.games
@melaniemoo@computerfox.xyz
@merileedkarr@federated.press
@dmvsndboard@dmv.community
@Stagen@helvede.net
@3TomatoesShort@disabled.social
@cliffco58@mstdn.party
@kelsonv@gts.keysmash.xyz
@tlwvision@aus.social
@Damon@mozilla.social
@mikamtb@indieweb.social
@alfredo@ruby.social
@zachuorice@stranger.social
@_chris_real@kolektiva.social
@ghislaine@hachyderm.io
@Knef@livellosegreto.it
@astroPug@hachyderm.io
@AconitumEight@mastodon.nz
@bmacDonald94@hostux.social
@NuisanceFactor@mas.to
@martinb@jasette.facil.services
@ratgrrl@mstdn.social
@drdrowland@fediscience.org
@Cadair@mastodon.matrix.org
@squinky@teh.entar.net
@Space_Burger_Steve@tabletop.social
@istevens@mastodon.cloud
@katglyph@weirder.earth
@Marsh@queer.party
@vinmoose@blackqueer.life
@herzleid@wandering.shop
@cyanidedansen@rivals.space
@enchantedsleeper@fandom.ink
@luke@wandering.shop
@suetanvil@freeradical.zone
@hl@social.lol
@okwari@mastodon.art
@sima@chaos.social
@jgmanilla@fe.disroot.org
@gaetan@rivals.space
@Charlobo@sfba.social
@sarble@mefi.social
@scottjmckenna@bigshoulders.city
@filifa@social.dairydemon.net
@Crazypedia@pagan.plus
@wgahnagl@www.librepunk.club
@diygene@sfba.social
@evan@cosocial.ca
@peacememories@chaos.social
@CarePackage17@mastodon.gamedev.place
@chris@mstdn.chrisalemany.ca
@tomjennings@tldr.nettime.org
@dricibone@hachyderm.io
@ampersand@sfba.social
@violet@weirder.earth
@ephemeral@sunny.garden
@digitaylor@mastodon.scot
@Fcksd@todon.eu
@zetashift@mstdn.party
@downey@floss.social
@cwood@octodon.social
@dlaiu@mstdn.social
@unixninja92@hachyderm.io
@Miredly@raru.re
@mick@cosocial.ca
@manas@mstdn.ca
@JayNada@eldritch.cafe
@ItsJenNotGoblin@goblin.camp
@bgm@octodon.social
@niboe@spore.social
@ErickaSimone@mastodon.social
@joel@emacs.ch
@chendricks@hcommons.social
@bunnytown@apobangpo.space
@nonlinear@praxis.nyc
@futurebird@sauropods.win
@cobalt@rage.love
@lowficarrots@mstdn.plus
@RedtheBean@mastodon.social
@devnull@crag.social
@mitch@posts.dumb.stuff.donaberger.xyz
@smn@l3ib.org
@rbellinger@mastodon.social
@7grok@mastodon.social
@Judeet98@kolektiva.social
@SparkIT@evil.social
@antiprofa@kolektiva.social
@chimerror@beach.city
@touncis@scholar.social
@asparagi@hax0rbana.social
@JeremyMallin@autistics.life
@Saket@appdot.net
@iamdavidobrien@mastodon.social
@ryuslash@fosstodon.org
@GoodNewsGreyShoes@mastodon.art
@krisnelson@legal.social
@macadoodle@mstdn.party
@johnelalamo@mcr.wtf
@stardust@jenrweb.com
@meena@glitch.social
@nyates314@mathstodon.xyz
@pepper1700@hachyderm.io
@mutinyc@mastodonbooks.net
@NoFlexZone@blacktwitter.io
@notmickey@mstdn.social
@NickGates@friendsofdesoto.social
@theceoofanarchism@kolektiva.social
@20miles@triangletoot.party
@iethatis@mastodon.art
@kuxaruk@mastodon.social
@TwoBuckChuck@zirk.us
@flowerpot@mas.to
@nap@social.coop
@elfwizard@weirder.earth
@benetnasch@writing.exchange
@southbendalleys@urbanists.social
@friend@strangeobject.space
@trishalynn@mastodon.sandwich.net
@c_e_maguire@mastodon.ie
@OrionKidder@mas.to
@pilgrim76@toot.io
@loshmi@social.coop
@Rob_J@mastodon.social
@lben@mastodon.social
@cmos4040@post.lurk.org
@annika@xoxo.zone
@maplesyruptea@urusai.social
@moon_baron@social.coop
@Kowfm@ruby.social
@worshipthesquid@weirder.earth
@sphakos@toot.cat
@theruran@hackers.town
@chfrankcgn@chaos.social
@thatsten@fosstodon.org
@vivtek@indieweb.social
@hazelnoot@enby.life
@lio@toot.beep.computer
@WanderingBeekeeper@weirder.earth
@MordecaiMartin@rage.love
@sollat@masto.ai
@brion@bikeshed.vibber.net
@pettter@mastodon.acc.umu.se
@Andres@mastodon.hardcoredevs.com
@savedr@freeradical.zone
@fatu@scholar.social
@kidwellj@scholar.social
@dirchansky@mofu.one
@schnaff@strangeobject.space
@jacksonchen666@micro.jacksonchen666.com
@ackthrice@tabletop.social
@dilmandila@mograph.social
@DaNanner@mastodon.coffee
@Luxe@fedia.social
@venitamathias@masto.ai
@jdenen@dice.camp
@double_oh_3@astrodon.social
@IndeterminateMathNerd@artcrimes.gay
@paul@montereybay.social
@crashglasshouses@tsukihi.me
@phillip@social.phillipjordan.com
@Pvdzwet@mastodon.social
@VolatileDream@adulthood.lol
@chriscoreline@todon.nl
@magess@goblin.band
@gneilyo@mastodon.online
@samir@functional.computer
@balrogboogie@mastodon.art
@andrewjbtw@sfba.social
@garethe@social.empathytree.org
@sal1h@mastodon.social
@hungrynematode@kolektiva.social
@adam@wormers.net
@asiahoe@mastodon.social
@acbeers@hachyderm.io
@polarweasel@hachyderm.io
@Greg@social.coop
@ravensong92@pagan.plus
@anarchistaesthete@zirk.us
@DionRa@kind.social
@ecsaln@todon.eu
@barryparr@sfba.social
@Devils_Rancher@octodon.social
@juggles@mas.to
@lightnin@masto.amosamos.net
@admin@blacktwitter.io
@paul@whisper.tf
@AdeleDawn@mastodon.art
@seanderson@scholar.social
@hiimmrdave@hachyderm.io
@jack@allnutt.net
@Red_Shirt_no2@c.im
@literalgrill@sakurajima.moe
@seachanger@alaskan.social
@okohll@hachyderm.io
@lm@icosahedron.website
@adonm@fosstodon.org
@waffelmampfer@muenster.im
@johnglass@ohai.social
@megstalcup@post.lurk.org
@andytinkham@wandering.shop
@Sinner@mastodon.bofhers.es
@fimion@notacult.social
@tlariv@mastodon.cloud
@jamesmarshall@sfba.social
@ShmosKnows@theatl.social
@tw000@infosec.exchange
@bouncinglime@spanner.works
@mees@toot.site
@dmvsndboard@mastodon.cloud
@valthonis@dice.camp
@dirkhaun@tinycities.net
@bdd_warriors@hachyderm.io
@glen@atheopagan.net
@hal_pomeranz@infosec.exchange
@JetlagJen@geekdom.social
@TreeVor@dice.camp
@ElHadjiMurad@wandering.shop
@joef@hachyderm.io
@inertiate@toot.wales
@dubbacubed@dice.camp
@Byte@rage.love
@bigolewannabe@hachyderm.io
@jkb@octodon.social
@ryanrandall@hcommons.social
@cenobyte@mastodon.thirring.org
@msbw@masto.ai
@wordswithnima@writing.exchange
@amy@queer.party
@librarianknight@rage.love
@seedy@tweesecake.social
@pyjack@hachyderm.io
@engrain@ieji.de
@shannonpersists@mastodon.social
@fedipossible@mastodon.social
@Thatmermaid_J@beige.party
@paulyd@genserver.social
@snacktraces@hachyderm.io
@RyunoKi@layer8.space
@gunn34@mastodon.social
@zack@hachyderm.io
@civicDetroitDan@a2mi.social
@Bagahens@linernotes.club
@lowficarrots@tenforward.social
@TwangDarkly@sunny.garden
@K3y823@anarchy-nomad.de
@KatLS@ohai.social
@cooler_ranch@dads.cool
@edzob@hostux.social
@GnomeBrunold@mstdn.social
@Owlcyclopsreadsandwrites@cr8r.gg
@unikitty@kolektiva.social
@melissa@irrsinn.life
@GwenfarsGarden@weirder.earth
@blogdiva@mastodon.social
@elialeth@weirder.earth
@Thatonepersonwithaface@todon.eu
@RyeBread@hachyderm.io
@edclayand@orbsafe.masto.host
@GuardianKristling@orbsafe.masto.host
@CharityCase@mastodon.social
@otfrom@functional.cafe
@SallyStrange@eldritch.cafe
@wizard@zeal.center
@squalorpossum@www.librepunk.club
@onrust@infosec.exchange
@spankyworks@stctp.zone
@darth_anxious@toot.community
@cliff@hachyderm.io
@w1nston@hachyderm.io
@l0ttie@mastodon.social
@sickmatter@babka.social
@zo@cultofshiv.wtf
@daviddlacroix@hachyderm.io
@krohne@social.tchncs.de
@thiswomanswerk@blacktwitter.io
@R2Ranch@mastodon.online
@rix@mastodon.me.uk
@MsNostromo@hachyderm.io
@mylookonlife@hachyderm.io
@vivian@mastodon.art
@xges@mastodon.social
@ghostwise@piaille.fr
@captaincalliope@indieweb.social
@Natris1979@social.linux.pizza
@gothodile@furs.social
@araya@socel.net
@crazybutable@mastodon.social
@BloodPuP@toot.diglet.ca
@BoldMorning@mindly.social
@morpheo@kolektiva.social
@quigs@hachyderm.io
@paul_ipv6@infosec.exchange
@desertjumpboots@hachyderm.io
@numstre@mastodon.social
@thadd@m.selden.page
@mensrea@freeradical.zone
@nikken@post.lurk.org
@thatdawnperson@toot.cat
@GLaDTheresCake@todon.nl
@Runkefer@mastodon.social
@LACITO@mamot.fr
@sycamorefibers@mastodon.art
@beadsland@mastodon.social
@bruce@hachyderm.io
@robotsnowfall@dice.camp
@jornane@ipv6.social
@adam@snake.club
@sus@eldritch.cafe
@hermitcl@aus.social
@turbodog@ohai.social
@inarticulatequilter@mastodon.art
@nat@cloudisland.nz
@thelaughingmuse@masto.ai
@woodenteacup@mindly.social
@kfitz@hcommons.social
@Vincarsi@mastodon.social
@mdales@mastodon.me.uk
@Cyberop5@hachyderm.io
@nickh@hachyderm.io
@luna@social.transpeak.lgbt
@8of12@techhub.social
@jeffbergan@sfba.social
@Geoffberner@zeroes.ca
@thomas_shone@fosstodon.org
@caseyhadden@hachyderm.io
@MarthaCrimson@mastodon.art
@zkat@toot.cat
@foxydonuts@hachyderm.io
@40below@dice.camp
@bwebster@mastodon.social
@jon_harbert@mas.to
@FreezePeach@twit.social
@mikeffarrell@mas.to
@pearlbear@social.overlappingmagisteria.org
@kfire@peoplemaking.games
@cbandy@hachyderm.io
@luci@hachyderm.io
@drew@shabsters.social
@coloniis@nrw.social
@freeformz@hachyderm.io
@Nonbinussy@kinky.business
@rfnix@piaille.fr
@alexanderhay@mastodon.social
@SolarDavy@climatejustice.social
@ChrisHouhoulis@connectified.com
@SparkIT@fedia.social
@mmb@subdued.social
@matt@istheguy.com
@gnu_lorien@ourislandgeorgia.net
@JonnyT@mastodon.me.uk
@christina@social.coop
@kiplet@social.tchncs.de
@ajroach42@retro.social
@deliberately_me@sfba.social
@mekkaokereke@hachyderm.io
@anibalism@toot.community
@hazelweakly@hachyderm.io
@nhpaul@sigmoid.social
@DylanTheThomas@swingset.social
@danciruli@hachyderm.io
@esther@strangeobject.space
@gretared@sfba.social
@ali@masto.al2.in
@ryanboswell@sfba.social
@its_a_mit@hachyderm.io
@pfmachado@zirk.us
@shoofle@beach.city
@amsomniac@mastodon.mit.edu
@RussSharek@mastodon.art
@sepdroid@androiddev.social
@ericg@sanjuans.life
@gregdavis@hachyderm.io
@y6nH@im-in.space
@NaN@infosec.exchange
@stuartyeates@cloudisland.nz
@lamnatos@mastodon.xyz
@kendraserra@dair-community.social
@kalliope@weirder.earth
@james@jamesgallagher.social
@TakeV@solarpunk.moe
@derwinmcgeary@octodon.social
@meli_melo@social.wxcafe.net
@nk@xoxo.zone
@joecardillo@federate.social
@clowncollege@neurodifferent.me
@ConnyDuck@chaos.social
@Sylvhem@eldritch.cafe
@saintelephant@eldritch.cafe
@Lucy@mastodon.art
@shaneredman@mastodon.social
@spacer@hachyderm.io
@Killertomato@mastodon.social
@duvjones@blacktwitter.io
@jess@peoplemaking.games
@aparrish@friend.camp
@jpthuot03@mstdn.ca
@dannotdaniel@mastodon.social
@edsudden@spore.social
@futureruins@gamedev.lgbt
@RodentRachel@plush.city
@snappy_ranger@mastodon.social
@ady_luimeme@octodon.social
@orrery@weirder.earth
@Spakit@mastodon.nz
@chernosktrainstation@www.librepunk.club
@slanderoid@goblin.camp
@jdembergh@mastodon.social
@serenebabe@mastodon.social
@Stanzi@horrorhub.club
@slimes@weirder.earth
@renkotsuban@gamedev.lgbt
@cwebber@octodon.social
@esbe@weirder.earth
@arthurforest@mastodon.online
@freiheit@hachyderm.io
@TheGentleKlingon@weirder.earth
@fosstian@fosstodon.org
@hasani@my-spaces.social
@balpha@social.balpha.de
@fediversereport@mastodon.social
@dexitroboper@aus.social
@dokuja@gts.cybre.ninja
@coth@social.creatureofthehill.com
@krra@indieweb.social
@pagrus@tears.intherain.club
@sgnj151@hachyderm.io
@nimfi@queer.party
@ada@blahaj.zone
@JacksonBates@aus.social
@grifferz@social.bitfolk.com
@Testoceratops@disabled.social
@Creaturista@rage.love
@TiZozyoHadi@diaspora.im
@sandzwerg@chaos.social
@jo@blahaj.zone
@dorian@retro.social
@bee@tusky.pink
@davealvarado@hachyderm.io
@TomasHradcky@musicians.today
@futzle@old.mermaid.town
@quintessence@hachyderm.io
@marcjones@scholar.social
@olivia@chaosfem.tw
@RobCubbon@mastodon.art
@ag@mastodon.art
@Mabande@blacktwitter.io
@amy@spookygirl.boo
@AndyHat@anti-social.online
@jf_718@mas.to
@radicalabacus@hachyderm.io
@msavoritias@tilde.zone
@jautero@climatejustice.social
@Gaelan@cathode.church
@thebaba@znark.us
@btanderson@infosec.exchange
@goran@oour.org
@fiddleandchips@mastodon.ie
@luminesce@weirder.earth
@b4dro@cyberplace.social
@oddtail@meow.social
@k_purpose@post.lurk.org
@mwl@io.mwl.io
@Izzy@sandiegourbanists.com
@trochee@dair-community.social
@anndroid@penguicon.social
@redpy5@sunbeam.city
@dave@rascalking.com
@mahal@todon.eu
@sickmatter@infosec.exchange
@float13@hackers.town
@skrlet13@sc.skrlet13.xyz
@skrlet13@chilemasto.casa
@agfa8x@mastodon.nz
@kostyn@niagara.social
@timnitGebru@dair-community.social
@starwall@wizzzard.online
@thief@weirder.earth
@oskoo@mecha.garden
@dannekrose@brioco.social
@enron@tilde.zone
@inherentlee@strangeobject.space
@evocateur@mastodon.social
@viernullvier@strangeobject.space
@jalcine@todon.eu
@ellen@social.tchncs.de
@jhulten@fosstodon.org
@da5id@bsd.network
@researchfairy@scholar.social
@UlrikeHeiss@eldritch.cafe
@skyfaller@jawns.club
@charlag@birb.site
@saederup@helvede.net
@bebatjof@strangeobject.space
@schratze@todon.nl
@juni@chaos.social
@MartinTilo@mastodon.gamedev.place
@MarekMcGann@sciences.social
@morachbeag@aus.social
@norgralin@hachyderm.io
@cptodin@toot.site
@newt@weirder.earth
@cy@kind.social
@kincat@eldritch.cafe
@h2onolan@infosec.exchange
@koosli@aus.social
@drcaberry@blacktwitter.io
@naugeleh@weirder.earth
@vac@strangeobject.space
@22@octodon.social
@platypus@glammr.us
@batstonight@nitecrew.rip
@maloki@rage.love
@mjj8@types.pl
@ljwrites@rage.love
@alcinnz@floss.social
@greyor@weirder.earth
@counterinduration@kolektiva.social
@cstanhope@social.coop
@quon@indiepocalypse.social
@Cefr@beige.party
@WeeMadHamish@octodon.social
@bright_helpings@mspsocial.net
@albinanigans@weirder.earth
@holsta@helvede.net
@tully@weirder.earth
@jenigrant@triangletoot.party
@dxciBel@fruef.social
@knittingsquirrel@wandering.shop
@weheartgames@tabletop.vip
@noracodes@tenforward.social
@jameschip@merveilles.town
@chombo@herd.bovid.space
@welshpixie
@garbados@herd.bovid.space
@cowlet@flowerpot.fyi
@jonobie@social.coop
@SoftGibbon@mastodon.art
@schmubba@ioc.exchange
@nemoudeis@todon.nl
@asterr@hachyderm.io
@EveHasWords@octodon.social
@jordanogren@hachyderm.io
@living_largely_liminally@weirder.earth
@ptvirgo@mastodon.social
@neon_livide@mastodon.art
@jackie@deadinsi.de
@Ember@blobfox.coffee
@troodon@weirder.earth
@carkner@historians.social
@paolog@mastodon.social
@paralithode
@sous_mon_masque@eldritch.cafe
@oya@weirder.earth
@tarheel@mstdn.io
@Rheall@comicscamp.club
@json@micro.sadlerjw.com
@MarcBrillault@eldritch.cafe
@Zurdo@im-in.space
@filmfreak75@mastodon.cloud
@jpaskaruk@growers.social
@dcmouyard@fosstodon.org
@autumnjanai@ohay.ooo
@moonglow@mastodon.art
@oysteivi@snabelen.no
@mustamakkara@tooting.ch
@indigojasper@blackqueer.life
@jsit@social.coop
@asharov@hachyderm.io
@muhh@social.lol
@arlol@eldritch.cafe
@thief_of_time@chaos.social
@eeyam@med-mastodon.com
@amcooper@toot.cat
@dje@tinnies.club
@kate@aus.social
@QsBoyfriend@neovibe.app
@guerda@ruhr.social
@EorlBruder@bruder.space
@jeffbyrnes@better.boston
@daveilers@hachyderm.io
@tito@sciences.re
@4sphere@mathstodon.xyz
@cordelya@toots.cordelya.net
@Telias@weirder.earth
@MrFesser@mspsocial.net
@absconded@hachyderm.io
@cptbichez@cathode.church
@twistylittlepassages@weirder.earth
@trevorb@social.sdfeu.org
@yomikoma@weirder.earth
@grillaum@mastodon.social
@ethanwhite@hachyderm.io
@sean_ae@post.lurk.org
@LauraLangdon@hachyderm.io
@lukem@hachyderm.io
@vknask@weirder.earth
@philip@mallegolhansen.com
@smorks@thecanadian.social
@Mayana@dragonscave.space
@Rainonrisa@strangeobject.space
@autumn@triangletoot.party
@newperson@cyberplace.social
@dyani@social.coop
@billmerrill@octodon.social
@NaN@mastodon.green
@EricLawton@spore.social
@craigmaloney@octodon.social
@Kabbaway@aus.social
@bendystraw@jawns.club
@JoBlakely@mastodon.social
@onepict@chaos.social
@kagan@wandering.shop
@joshdaymude@fediscience.org
@Sharksonaplane@mastodon.sandwich.net
@jdp23@indieweb.social
@malte@anticapitalist.party
@Emerenz@literatur.social
@cour13r5@zirk.us
@PhotonQyv@strangeobject.space
@rileytaylor@hachyderm.io
@darth_mall@notacult.social
@aynish@merveilles.town
@narpoleptic@masto.ai
@mcuellar@bigshoulders.city
@c0debabe
@jwoldan@xoxo.zone
@james@strangeobject.space
@hatpinhacker@hachyderm.io
@toydragon@nitecrew.rip
@oliphant@oliphant.social
@thegibson@hackers.town
@MindmeshLink@tenforward.social
@skippingmoonrocks@weirder.earth
@c0debabe@hackers.town
@seedy@vee.seedy.gq
@ellie@ellieayla.net
@ScottMGS@justme.masto.host
@dwf@terror.black
@jon@kelbie.scot
@chigh@squid.cafe
@steeef@hachyderm.io
@undead@hackers.town
@MightySisserou@blacktwitter.io
@Adam_Cadmon1@mastodon.online
@raf@babka.social
@rwg@aoir.social
@DuskwoodZero@tabletop.social
@majorlinux@toot.majorshouse.com
@worr@bsd.network
@somarasu@hackers.town
@ConstanzeScheib@literatur.social
@neckspike@indiepocalypse.social
@so_treu@scholar.social
@JuliaTheNerdyAunt@toot.lgbt
@GwenfarsGarden@rage.love
@secretsloth@mastodon.art
@varve@weirder.earth
@puf@rage.love
@darius@friend.camp
@slimepsychic@weirder.earth
@hecks@slime.computer
@heathen@sunny.garden
@carol@crabby.fyi
@inam@weirder.earth
@milia@guerilla.studio
@a_r_i@mastodon.art
@blackfinalboi@diaspora.im
@rozcakj@mefi.social
@scissortail@digipres.club
@tychi@merveilles.town
@glowtayto@queer.party
@rosegeranium@rage.love
@bstacey@icosahedron.website
@rgegriff@hackers.town
@UnePorte@eldritch.cafe
@djsundog@toot-lab.reclaim.technology
@octopussy@weirder.earth
@gingerrroot@kitty.town
@idlestate@toot.cat
@tillshadeisgone@blackqueer.life
@laescude@mastodon.cr
@PMscenarios@peoplemaking.games
@itsnero@mstdn.itsnero.com
@bhaugen@social.coop
@gareth@fedi.gareth-coles.dev
@airadam@mastodon.me.uk
@Shrigglepuss@godforsaken.website
@unchartedworlds@scicomm.xyz
@Hawlucha@donphan.social
@owlcyclop@mastodon.art
@skiant@social.wxcafe.net
@sayyid_qishta@terror.black
@sev@weirder.earth
@Rhube@wandering.shop
@Curator@mastodon.art
@gekitsu@toot.cat
@thraeryn@hackers.town
@juliana@solarpunk.moe
@sifr@anticapitalist.party
@fries@solarpunk.moe
@JessMahler@indiepocalypse.social
@toroidalcore@hackers.town
@alcapurrias
@csgordon@discuss.systems
@vlrny@disabled.social
@rrgeorge@raphus.social
@florian@bsd.network
@paulgatling@bsd.network
@slothrop@chaos.social
@SocialGaff@cathode.church
@joelmeador@kolektiva.social
@nuageceleste@rivals.space
@kemonine@disabled.social
@andrewt@mathstodon.xyz
@Rairii@haqueers.com
@tjr@pdx.sh
@Magess@fandom.ink
@mlibby@toot.cat
@joachim_kreativ@literatur.social
@kemonine@weirder.earth
@KuJoe@mindly.social
@federicomena@mstdn.mx
@virtualwolf@aus.social
@mordremoth@lgbt.io
@kylethayer@hci.social
@welshpixie@mastodon.art
@fyrfli@diaspora.im
@aldercone@mastodon.art
@wolf@artcrimes.gay